,country,elec_rank,elec_consumption_bil_kwh,gas_rank,gas_consumption_k_barrels_per_day,jet_rank,jet_consumption_k_barrels_per_day,pop_rank,pop2020,pop2019,pop_growth_rate,land_area,pop_density,covid_rank,total_cases,new_cases,total_deaths,new_deaths,total_recovered,active_cases,serious_critical_cases,cases_per_M_pop,deaths_per_M_pop,total_tests,tests_per_M_pop,population_covid,pov_rank,pop_below_poverty_line,health_dol_rank,health_expenditure_percent_GDP,beds_rank,bed_density_per_k_pop,life_rank,life_expectancy_at_birth_years
1,Afghanistan,0.587939698,0.000936098,0.356020942,0.00285655,0.791907514,0.000429215,0.181818182,0.026979789,0.026466058,0.763485477,0.065295056,0.031827297,0.214634146,0.008053629,0.100011562,0.002366751,0.005405405,0.002484071,0.011027093,0.00104639,0.060596135,0.007279947,0.002201719,0.00447996,0.026921055,0.094674556,0.744619799,0.104395604,0.541666667,0.954545455,0.030075188,1,0
2,Albania,0.592964824,0.000936098,0.712041885,0.000241885,0.884393064,0.000214608,0.702020202,0.001931212,0.001941275,0.257261411,0.002849253,0.055522026,0.52195122,0.000616479,0.002543647,0.000305387, ,0.001627892,0.000197201,0.000232531,0.063216508,0.013407849,0.000850336,0.023560749,0.001931432,0.798816568,0.167862267,0.43956044,0.298611111,0.431818182,0.210526316,0.262672811,0.793413174
3,Algeria,0.246231156,0.009211445,0.172774869,0.009306826,0.317919075,0.00779741,0.166666667,0.03040017,0.029961454,0.663900415,0.238516902,0.009058983,0.258536585,0.005136033,0.01526188,0.006155461,0.018918919,0.010635051,0.00261121,0.001918382,0.034064854,0.01831017, , ,0.030348482,0.485207101,0.292682927,0.456043956,0.291666667,0.630681818,0.135338346,0.331797235,0.751497006
9,Argentina,0.130653266,0.025803108,0.120418848,0.015296367,0.161849711,0.021389227,0.151515152,0.031334512,0.031166476,0.473029046,0.27844521,0.007944308,0.209756098,0.008549698, ,0.004991172,0.008108108,0.009174171,0.008590984,0.014998256,0.055191615,0.014633429,0.008892868,0.015579211,0.03130884,0.431952663,0.331420373,0.318681319,0.354166667,0.181818182,0.368421053,0.30875576,0.760479042
10,Armenia,0.567839196,0.001079482,0.659685864,0.00034555,0.722543353,0.000643823,0.686868687,0.001990582,0.001994853,0.319502075,0.002948909,0.055086509,0.268292683,0.004947372,0.028905076,0.001202462,0.016216216,0.006350316,0.004660568,0.000523195,0.492793973,0.052626419,0.003368758,0.090170304,0.00199029,0.301775148,0.421807747,0.126373626,0.520833333,0.278409091,0.308270677,0.506912442,0.688622754
13,Austria,0.190954774,0.013308152,0.251308901,0.004584303,0.265895954,0.010658845,0.484848485,0.006189476,0.006178036,0.398340249,0.008370183,0.05923261,0.2,0.009252184,0.003352989,0.006365415, ,0.029776222,0.000422452,0.001278921,0.302816901,0.090619408,0.026141896,0.229910401,0.006186393,0.99408284,0.005738881,0.087912088,0.555555556,0.051136364,0.563909774,0.101382488,0.886227545
14,Azerbaijan,0.351758794,0.003680891,0.314136126,0.003317284,0.312138728,0.00779741,0.449494949,0.006976551,0.006940138,0.468879668,0.00864351,0.064466402,0.32195122,0.002904833,0.029598798,0.000572601,0.005405405,0.006369512,0.001579306,0.002383444,0.084179496,0.007279947,0.017396113,0.135952963,0.006970929,0.964497041,0.032998565,0.406593407,0.3125,0.232954545,0.345864662,0.640552995,0.625748503
17,Bangladesh,0.261306533,0.008801775,0.554973822,0.000725656,0.387283237,0.004792904,0.035353535,0.114360845,0.113656985,0.489626556,0.014750054,0.623839272,0.102439024,0.024746292,0.203838594,0.005811901,0.072972973,0.017979763,0.029429665,0,0.043727481,0.004828786,0.017561118,0.008430937,0.114258693,0.461538462,0.31133429,1,0,0.875,0.052631579,0.599078341,0.646706587
19,Belarus,0.286432161,0.006753421,0.361256545,0.00285655,0.23699422,0.012804922,0.474747475,0.006497228,0.00652491,0.273858921,0.020762452,0.024590033,0.107317073,0.023109375,0.103248931,0.002175884,0.010810811,0.034467931,0.019945328,0.005290083,0.721257779,0.029340393,0.031134384,0.260834761,0.006497447,0.958579882,0.044476327,0.483516484,0.270833333,0.017045455,0.819548872,0.631336406,0.631736527
20,Belgium,0.165829146,0.016790353,0.319371728,0.003202101,0.173410405,0.020673868,0.393939394,0.007984348,0.007980541,0.371369295,0.003027532,0.21265617,0.087804878,0.032280546,0.014336918,0.090203751,0.059459459,0.030254224,0.028019509,0.009998837,0.821814609,1,0.050148726,0.34265839,0.007981347,0.75147929,0.179340029,0.120879121,0.527777778,0.119318182,0.458646617,0.133640553,0.871257485
21,Belize,0.824120603,7.57891E-05,0.832460733,9.21468E-05,0.878612717,0.000214608,0.888888889,0.000207946,0.000204099,0.665975104,0.002270148,0.008448443,0.946341463,3.88421E-06, ,9.54335E-06, ,1.34378E-05,0, ,0.006714707,0.006054367,8.58734E-05,0.018519039,0.000207511,0.207100592,0.550932568,0.532967033,0.256944444,0.761363636,0.090225564,0.543778802,0.676646707
22,Benin,0.743718593,0.00019869,0.439790576,0.001474349,0.601156069,0.001287646,0.383838384,0.008355087,0.008163163,0.846473029,0.011249783,0.058108715,0.756097561,0.000118191, ,1.90867E-05, ,0.0002438,7.22503E-05, ,0.0024566,0.000171581,0.001815466,0.01191379,0.008333381,0.25443787,0.482065997,0.868131868,0.104166667,0.960227273,0.030075188,0.889400922,0.317365269
25,Bolivia,0.51758794,0.001427702,0.387434555,0.002280633,0.537572254,0.001931469,0.404040404,0.008042294,0.007962247,0.56846473,0.11000003,0.004761901,0.273170732,0.004838614,0.039657764,0.002853462,0.016216216,0.001420566,0.006529725,0.000116266,0.122011137,0.031791553,0.001311403,0.008931832,0.008032195,0.230769231,0.516499283,0.412087912,0.3125,0.8125,0.07518797,0.723502304,0.52994012
26,Bosnia and Herzegovina,0.417085427,0.002451879,0.596858639,0.000495289,0.98265896,0,0.676767677,0.002211239,0.002234284,0.153526971,0.00509887,0.035298088,0.404878049,0.001377784,0.000924962,0.001450589, ,0.003497665,0.000433502,0.000174398,0.123812643,0.05752874,0.003814803,0.092141112,0.002212427,0.698224852,0.205164993,0.175824176,0.472222222,0.357954545,0.255639098,0.34562212,0.748502994
27,Botswana,0.648241206,0.000628845,0.539267016,0.000921468,0.89017341,0.000143072,0.727272727,0.00156562,0.001538662,0.711618257,0.058261062,0.001072644,0.892682927,1.33173E-05, ,0, ,2.11165E-05,1.19E-05, ,0.001801507,0.000416697,0.001056917,0.035863083,0.001562516,0.650887574,0.239598278,0.67032967,0.215277778,0.636363636,0.127819549,0.866359447,0.350299401
28,Brazil,0.040201005,0.09831482,0.036649215,0.061024212,0.046242775,0.090063667,0.025252525,0.147621815,0.147139468,0.429460581,0.852879751,0.012853061,0.004878049,0.260518853,0.135391375,0.267347426,0.189189189,0.370829246,0.211067723,0.483490292,0.361283983,0.161703066,0.054995252,0.020475803,0.147529336,0.970414201,0.022955524,0.032967033,0.652777778,0.568181818,0.157894737,0.557603687,0.664670659
31,Bulgaria,0.306532663,0.00593408,0.465968586,0.001359165,0.485549133,0.002575292,0.535353535,0.004759573,0.00481443,0.126556017,0.011075211,0.034546694,0.4,0.001380559,0.001503064,0.001316982,0.005405405,0.002025267,0.001101604,0.001220788,0.058139535,0.024438071,0.004768105,0.054344671,0.004762537,0.473372781,0.298421808,0.241758242,0.402777778,0.079545455,0.503759398,0.539170507,0.679640719
32,Burkina Faso,0.738693467,0.000239657,0.670157068,0.000334032,0.809248555,0.000357679,0.292929293,0.014455641,0.014106045,0.873443983,0.027309385,0.040946411,0.585365854,0.000463885, ,0.000496254, ,0.001364896,6.29002E-05, ,0.006059613,0.003603206, , ,0.014416155,0.213017751,0.538020086,0.423076923,0.305555556,0.971590909,0.022556391,0.907834101,0.290419162
34,Burundi,0.849246231,5.53055E-05,0.910994764,3.4555E-05,0.988439306,0,0.398989899,0.0081936,0.007974439,0.927385892,0.00275771,0.233173866,0.87804878,1.72015E-05, ,0, ,2.11165E-05,1.78501E-05, ,0,2.45116E-05,9.6992E-06,9.36251E-05,0.008168885,0.047337278,0.889526542,0.516483516,0.263888889,0.869318182,0.052631579,0.917050691,0.278443114
35,Cambodia,0.64321608,0.000669812,0.607329843,0.000460734,0.774566474,0.000500751,0.348484848,0.011548308,0.011431236,0.572614108,0.018101793,0.050349158,0.809756098,6.32571E-05,0, , ,0.000218844,1.70001E-06,0,0.00049132, ,0.001166388,0.005542604,0.011533599,0.715976331,0.199426112,0.527472527,0.256944444,0.863636364,0.052631579,0.820276498,0.392215569
36,Cameroon,0.537688442,0.001222867,0.523560209,0.00097906,0.473988439,0.002575292,0.257575758,0.018376215,0.017980675,0.817427386,0.047588581,0.029621255,0.317073171,0.003134001,0.025667707,0.001755977,0.018918919,0.006588356,0.001728057,0.001569585,0.034392401,0.008505527, , ,0.018331345,0.331360947,0.393113343,0.747252747,0.159722222,0.744318182,0.090225564,0.944700461,0.218562874
37,Canada,0.030150754,0.109171093,0.020942408,0.091087102,0.086705202,0.065741469,0.191919192,0.026155602,0.026026138,0.46473029,1,0.000953059,0.063414634,0.050023056,0.085790265,0.067490576,0.251351351,0.092223551,0.029782416,0.094000698,0.390926957,0.230335564,0.094409267,0.198148096,0.026135174,0.887573964,0.097560976,0.076923077,0.5625,0.494318182,0.195488722,0.078341014,0.895209581
42,Chile,0.185929648,0.013308152,0.22513089,0.00711834,0.213872832,0.014235639,0.308080808,0.013213951,0.013150927,0.460580913,0.075698517,0.013012639,0.058536585,0.052629359,0.487802058,0.009505177,0.140540541,0.077597477,0.045415677,0.079641902,0.812643302,0.063656641,0.033308484,0.138036121,0.013203851,0.786982249,0.169296987,0.214285714,0.423611111,0.556818182,0.157894737,0.221198157,0.808383234
43,China,0,1,0.005235602,0.219747057,0.005780347,0.27748766,0,1,1,0.360995851,0.972185626,0.082388472,0.07804878,0.046048955,0.000346861,0.044214344, ,0.150297839,5.35502E-05,0.000116266,0.00884376,0.003603206, , ,1,0.98816568,0.010043042,0.71978022,0.180555556,0.272727273,0.308270677,0.447004608,0.709580838
44,Colombia,0.231155779,0.009621116,0.167539267,0.009537193,0.202312139,0.014950998,0.141414141,0.035286025,0.035043731,0.504149378,0.114323488,0.023774321,0.146341463,0.014802718, ,0.008130935, ,0.0132535,0.016083763,0.007847925,0.085325909,0.02076133,0.018114504,0.028199871,0.035252143,0.408284024,0.364418938,0.604395604,0.243055556,0.693181818,0.105263158,0.400921659,0.721556886
49,Costa Rica,0.467336683,0.001816889,0.403141361,0.001935083,0.479768786,0.002575292,0.601010101,0.003471153,0.003452515,0.470954357,0.005087952,0.054710444,0.551219512,0.000560991, ,8.58902E-05, ,0.001236277,0.000305151,5.81328E-05,0.032263348,0.002377626,0.001501188,0.023434355,0.003468306,0.573964497,0.274031564,0.313186813,0.361111111,0.818181818,0.07518797,0.244239631,0.80239521
51,Croatia,0.376884422,0.003066385,0.42408377,0.001589532,0.560693642,0.001716861,0.651515152,0.002784081,0.002812725,0.153526971,0.005638213,0.040117689,0.414634146,0.001240172,0,0.000973422, ,0.003943031,6.80003E-05,0.000174398,0.088928922,0.030565973,0.003904757,0.075368181,0.002785547,0.644970414,0.242467719,0.346153846,0.333333333,0.159090909,0.413533835,0.382488479,0.724550898
54,Denmark,0.291457286,0.006753421,0.287958115,0.003778018,0.231213873,0.012804922,0.575757576,0.003956194,0.003957727,0.352697095,0.004286099,0.074599103,0.224390244,0.006448896,0.004509192,0.00543971,0.005405405,0.019807302,0.000624752,0.001104523,0.328365542,0.121258916,0.036593202,0.500294919,0.003955008,0.828402367,0.154949785,0.093406593,0.555555556,0.522727273,0.180451128,0.152073733,0.865269461
55,Djibouti,0.869346734,5.53055E-05,0.879581152,4.60734E-05,0.583815029,0.001502253,0.803030303,0.000618147,0.000610888,0.587136929,0.002293585,0.022571683,0.370731707,0.001766205,0.032258065,0.00020041,0.002702703,0.002451437,0.001603106, ,0.529479201,0.026889232,0.001552227,0.12507373,0.000617265,0.49704142,0.292682927,0.901098901,0.076388889,0.738636364,0.097744361,0.861751152,0.356287425
57,Dominican Republic,0.422110553,0.002451879,0.335078534,0.003086917,0.323699422,0.007082052,0.424242424,0.007468992,0.00742228,0.489626556,0.004844672,0.123647591,0.204878049,0.009166732, ,0.004647612, ,0.017770517,0.005760472,0.006103941,0.249099247,0.055077579,0.004542657,0.033208812,0.007462251,0.325443787,0.400286944,0.521978022,0.263888889,0.676136364,0.112781955,0.686635945,0.574850299
59,Ecuador,0.346733668,0.004090562,0.214659686,0.00746389,0.38150289,0.00486444,0.333333333,0.012190381,0.012050005,0.601659751,0.027697391,0.034333885,0.112195122,0.02139644, ,0.031807988, ,0.036821464,0.013640003,0.012731078,0.357844743,0.231561144,0.006723677,0.030222172,0.01217321,0.591715976,0.271162123,0.225274725,0.416666667,0.6875,0.105263158,0.350230415,0.748502994
60,Egypt,0.120603015,0.028670803,0.12565445,0.014490083,0.179190751,0.020673868,0.065656566,0.071035472,0.069952791,0.682572614,0.100371881,0.055482372,0.175609756,0.012246909, ,0.008379062, ,0.010562103,0.013338252,0.002325311,0.034719948,0.010956688,0.007977003,0.006169892,0.070908838,0.414201183,0.361549498,0.758241758,0.152777778,0.670454545,0.112781955,0.626728111,0.631736527
61,El Salvador,0.547738693,0.001202383,0.481675393,0.001128798,0.554913295,0.001788397,0.555555556,0.0044384,0.004433198,0.385892116,0.002077347,0.172335345,0.409756098,0.00132285,0.013411955,0.000410364,0.002702703,0.001952319,0.001126254,0.002557842,0.059777268,0.008505527,0.005136556,0.06278029,0.004436458,0.289940828,0.431850789,0.368131868,0.319444444,0.75,0.090225564,0.502304147,0.688622754
62,Equatorial Guinea,0.959798995,1.22901E-05,0.905759162,3.4555E-05,0.757225434,0.000500751,0.772727273,0.000906486,0.000877631,1,0.002779444,0.026178578,0.502439024,0.000718579, ,0.000104977, ,0.00036666,0.000929904, ,0.152309204,0.010956688,4.34098E-05,0.002841521,0.000903245,0.195266272,0.593974175,0.928571429,0.069444444,0.596590909,0.15037594,0.824884793,0.386227545
64,Estonia,0.492462312,0.001632538,0.57591623,0.000645028,0.768786127,0.000500751,0.777777778,0.000853367,0.00085647,0.294605809,0.004499733,0.015414237,0.43902439,0.00102876,0.000578102,0.000629861, ,0.003096451,0.000149601, ,0.229610219,0.062431061,0.004886683,0.292007228,0.000853351,0.603550296,0.265423242,0.445054945,0.298611111,0.176136364,0.368421053,0.35483871,0.745508982
68,Fiji,0.778894472,0.000157723,0.837696335,9.21468E-05,0.514450867,0.002146076,0.808080808,0.000554533,0.000552572,0.43153527,0.001800013,0.026385504,0.951219512,3.88421E-06, , , ,1.15181E-05,2.55001E-06, ,0.002620373, ,0.000136676,0.012686197,0.000554172,0.313609467,0.407460545,0.895604396,0.083333333,0.545454545,0.165413534,0.622119816,0.631736527
70,France,0.045226131,0.092784265,0.09947644,0.020709991,0.034682081,0.104370842,0.106060606,0.045284889,0.045359996,0.325726141,0.055225818,0.065614395,0.029268293,0.103666193, ,0.274018228, ,0.130143074,0.076770599,0.079060574,0.468227972,0.539181803,0.081882154,0.099303429,0.045276339,0.804733728,0.166427547,0.049450549,0.604166667,0.102272727,0.481203008,0.082949309,0.895209581
72,Gabon,0.708542714,0.000362559,0.80104712,0.000126702,0.728323699,0.000643823,0.732323232,0.001478147,0.001447207,0.788381743,0.026778655,0.003425028,0.395121951,0.001443816, ,0.000133607, ,0.001343779,0.001605656,0.000813859,0.192106125,0.008505527,0.000811007,0.029140803,0.001474642,0.284023669,0.454806313,0.983516484,0.020833333,0.107954545,0.466165414,0.760368664,0.476047904
75,Georgia,0.462311558,0.001857857,0.497382199,0.00111728,0.687861272,0.000786895,0.661616162,0.002703412,0.002719582,0.2406639,0.006950864,0.031271063,0.614634146,0.000413946,0.001156203,0.000104977, ,0.001134533,0.00012325,0.000290664,0.030461841,0.003603206,0.003163951,0.06289264,0.002703893,0.899408284,0.094691535,0.258241758,0.381944444,0.5,0.187969925,0.368663594,0.733532934
76,Germany,0.025125628,0.109375928,0.047120419,0.049160312,0.028901734,0.133700551,0.080808081,0.058146273,0.058185202,0.346473029,0.035737257,0.131127419,0.034146341,0.10162088,0.014915019,0.082044186,0.008108108,0.316538656,0.008203382,0.04232066,0.357517196,0.126161237,0.233777476,0.22090835,0.058130288,0.704142012,0.202295552,0.043956044,0.611111111,0.034090909,0.616541353,0.170506912,0.862275449
77,Ghana,0.452261307,0.001960274,0.366492147,0.002741367,0.520231214,0.002146076,0.227272727,0.02152171,0.021148367,0.726141079,0.023860594,0.070969469,0.287804878,0.004304258,0.017458666,0.000324474,0,0.004858721,0.004414067,0.000930124,0.040288241,0.001152045,0.012508542,0.031926149,0.021478679,0.467455621,0.30989957,0.598901099,0.243055556,0.857954545,0.060150376,0.774193548,0.458083832
79,Greece,0.216080402,0.010850128,0.19895288,0.00780944,0.208092486,0.014950998,0.434343434,0.007173794,0.007237091,0.180497925,0.013189615,0.043720567,0.385365854,0.001611392,0.000578102,0.001660543, ,0.002620369,0.001161105,0.000755726,0.045201441,0.02076133,0.010538776,0.08003539,0.007176728,0.272189349,0.479196557,0.230769231,0.416666667,0.261363636,0.315789474,0.175115207,0.859281437
81,Grenada,0.91959799,3.4822E-05,0.869109948,5.75917E-05,1,0,0.974747475,9.84974E-06,9.94918E-06,0.375518672,4.40689E-06,0.183013645,0.92195122,6.65864E-06, , , ,1.72772E-05,4.25002E-06,0.000174398,0.032754668, ,0.000170741,0.125129905,9.8553E-06,0.236686391,0.507890961,0.725274725,0.180555556,0.329545455,0.270676692,0.534562212,0.679640719
83,Guatemala,0.48241206,0.001734955,0.376963351,0.002511,0.76300578,0.000500751,0.328282828,0.012379729,0.012194953,0.674273859,0.010875899,0.090169695,0.331707317,0.00255026,0.029830038,0.000849358,0.024324324,0.001226678,0.003288663,0.000232531,0.041598428,0.006054367,0.001851542,0.008206237,0.012358062,0.071005917,0.81348637,0.631868132,0.229166667,0.943181818,0.037593985,0.668202765,0.589820359
85,Guinea,0.768844221,0.000178207,0.732984293,0.00020733,0.895953757,0.000143072,0.373737374,0.009056571,0.008839807,0.867219917,0.024594141,0.02821831,0.356097561,0.002022563, ,0.00020041, ,0.003822091,0.001388905,0.001337054,0.045037668,0.002377626,0.000844954,0.005130654,0.009032087,0.136094675,0.637015782,0.769230769,0.145833333,0.977272727,0.015037594,0.903225806,0.299401198
86,Guinea-Bissau,1,0,0.895287958,3.4555E-05,0.965317919,7.15359E-05,0.752525253,0.00129907,0.001271675,0.788381743,0.003588108,0.028913248,0.507317073,0.000690834, ,6.68035E-05, ,6.33496E-05,0.001025104, ,0.104159843,0.004828786,8.16152E-05,0.003557753,0.001295968,0.029585799,0.923959828,0.384615385,0.3125,0.840909091,0.067669173,0.912442396,0.278443114
87,Guyana,0.793969849,0.00013724,0.706806283,0.00027644,0.971098266,7.15359E-05,0.823232323,0.000478177,0.000477808,0.37966805,0.021500505,0.00089338,0.790243902,7.71293E-05, ,9.54335E-05, ,0.000111342,6.12002E-05,5.81328E-05,0.030625614,0.01708459,8.67014E-05,0.009423363,0.000477985,0.278106509,0.464849354,0.774725275,0.145833333,0.681818182,0.112781955,0.737327189,0.502994012
88,Haiti,0.829145729,7.57891E-05,0.67539267,0.000322514,0.867052023,0.000214608,0.414141414,0.007854351,0.007787855,0.537344398,0.002749297,0.22843018,0.468292683,0.000872837,0.016186842,0.000324474, ,2.49559E-05,0.001297955, ,0.022109401,0.003603206,0.000235738,0.001666526,0.007845615,0.076923077,0.802008608,0.39010989,0.3125,0.931818182,0.045112782,0.843317972,0.374251497
89,Honduras,0.56281407,0.001099966,0.471204188,0.001359165,0.716763006,0.000643823,0.464646465,0.006813568,0.006729771,0.618257261,0.011236763,0.047843192,0.326829268,0.002705074,0.0153775,0.001889583,0.005405405,0.000996316,0.003535164,0.000697593,0.080248935,0.024438071,0.000867606,0.006979749,0.006803443,0.366863905,0.387374462,0.296703297,0.361111111,0.920454545,0.045112782,0.68202765,0.574850299
91,Hungary,0.281407035,0.007572763,0.303664921,0.003432468,0.497109827,0.002503756,0.46969697,0.006643854,0.006686918,0.228215768,0.009287316,0.057723769,0.346341463,0.002139644,0.002890508,0.004991172,0.016216216,0.004094687,0.001020854,0.001220788,0.064854242,0.066107802,0.010849032,0.088915728,0.006645307,0.781065089,0.176470588,0.351648352,0.333333333,0.073863636,0.518796992,0.387096774,0.724550898
93,India,0.015075377,0.18496017,0.052356021,0.042364487,0.057803468,0.083625438,0.005050505,0.958783808,0.953012072,0.485477178,0.329243608,0.233946925,0.03902439,0.100650938,0.914440976,0.04932958,0.510810811,0.166357917,0.076128847,0.519881409,0.020962987,0.004828786,0.213588229,0.012241478,0.957939488,0.562130178,0.276901004,0.857142857,0.104166667,0.914772727,0.045112782,0.732718894,0.508982036
94,Indonesia,0.100502513,0.037888393,0.031413613,0.061024212,0.115606936,0.045711424,0.015151515,0.189980848,0.188693925,0.502074689,0.190725003,0.07921274,0.156097561,0.014294997,0.064284888,0.015002147,0.140540541,0.013449308,0.014607307, ,0.0147396,0.007279947,0.018439487,0.005322585,0.189800089,0.857988166,0.119081779,0.934065934,0.0625,0.801136364,0.082706767,0.6359447,0.631736527
97,Ireland,0.32160804,0.004909903,0.308900524,0.003317284,0.300578035,0.008512769,0.621212121,0.00336253,0.003337381,0.514522822,0.007008254,0.038136505,0.16097561,0.013826672,0.006012256,0.015746529,0.013513514,0.042386628,0.001010654,0.002383444,0.827055355,0.41049587,0.019260903,0.309164022,0.003359107,0.923076923,0.080344333,0.269230769,0.375,0.443181818,0.203007519,0.147465438,0.865269461
99,Israel,0.226130653,0.010030787,0.219895288,0.007233523,0.248554913,0.012089563,0.505050505,0.00594569,0.005874116,0.612033195,0.002050204,0.230862834,0.190243902,0.009431413,0.002312406,0.002700768, ,0.028347977,0.001655806,0.002209045,0.302161808,0.037919455,0.033551496,0.288781844,0.006322356,0.550295858,0.278335725,0.324175824,0.347222222,0.392045455,0.22556391,0.036866359,0.916167665
100,Italy,0.055276382,0.060215446,0.078534031,0.024856597,0.098265896,0.058587882,0.111111111,0.041941643,0.042165675,0.248962656,0.030150726,0.112500738,0.024390244,0.129096106,0.047982426,0.318165768,0.297297297,0.298748942,0.037137495,0.026101616,0.62954471,0.675221217,0.226186666,0.296065875,0.041946845,0.349112426,0.391678623,0.192307692,0.458333333,0.369318182,0.248120301,0.059907834,0.907185629
101,Jamaica,0.668341709,0.000567394,0.486910995,0.001128798,0.456647399,0.002861435,0.691919192,0.001989139,0.00198826,0.371369295,0.001070774,0.150574508,0.63902439,0.000312956,0.000578102,7.63468E-05, ,0.000537512,0.000235451,5.81328E-05,0.031116934,0.003603206,0.000707214,0.019080789,0.001988398,0.686390533,0.208034433,0.587912088,0.243055556,0.647727273,0.120300752,0.548387097,0.670658683
102,Japan,0.010050251,0.191514901,0.010471204,0.112626414,0.023121387,0.144430932,0.050505051,0.087809812,0.088417245,0.217842324,0.037822116,0.188716444,0.195121951,0.009271051, ,0.008331345, ,0.027345902,0.001352355,0.007557261,0.020962987,0.008505527,0.01683421,0.010518777,0.087832127,0.733727811,0.193687231,0.06043956,0.590277778,0,1,0,1
104,Jordan,0.386934673,0.00286155,0.340314136,0.002971734,0.369942197,0.005365191,0.444444444,0.00702099,0.006977787,0.487551867,0.008918139,0.062793797,0.619512195,0.000401183,0.000346861,7.63468E-05, ,0.000956003,0.000185301,0.000232531,0.011136587,0.001029487,0.010853704,0.084314056,0.007014719,0.810650888,0.166427547,0.395604396,0.3125,0.715909091,0.097744361,0.516129032,0.685628743
105,Kazakhstan,0.175879397,0.015971012,0.157068063,0.010228294,0.393063584,0.004792904,0.318181818,0.012978064,0.0128715,0.531120332,0.272886522,0.002684778,0.248780488,0.005754732,0.051913516,0.000353104,0,0.010003475,0.004355417,0.003546099,0.090075336,0.002377626,0.046613485,0.196724995,0.012963946,1,0,0.846153846,0.104166667,0.085227273,0.496240602,0.67281106,0.577844311
106,Kenya,0.522613065,0.001407219,0.418848168,0.001589532,0.260115607,0.010658845,0.131313131,0.037292941,0.036602322,0.753112033,0.058097506,0.050077179,0.434146341,0.001041523,0.016418083,0.000591688,0,0.000873456,0.001156855,0.000348797,0.005076973,0.001152045,0.00454455,0.006694192,0.037213804,0.266272189,0.480631277,0.703296703,0.194444444,0.721590909,0.097744361,0.838709677,0.374251497
112,Latvia,0.527638191,0.001386735,0.591623037,0.000564399,0.566473988,0.001716861,0.757575758,0.001242231,0.001261785,0.056016598,0.006435959,0.015540893,0.536585366,0.000584851,0,0.000219497, ,0.001412888,0.000251601,0.000116266,0.091713069,0.015859009,0.006390474,0.268217098,0.00124341,0.443786982,0.328550933,0.626373626,0.236111111,0.136363636,0.428571429,0.525345622,0.682634731
113,Lebanon,0.366834171,0.00327122,0.261780105,0.004469119,0.445086705,0.003147579,0.54040404,0.00467411,0.004713706,0.18879668,0.001016789,0.369876975,0.517073171,0.000654767,0.002081165,0.000238584, ,0.001341859,0.000388452,0.000290664,0.027841467,0.004828786,0.004847,0.056254623,0.004675891,0.402366864,0.37302726,0.335164835,0.347222222,0.426136364,0.210526316,0.281105991,0.77245509
115,Liberia,0.83919598,5.53055E-05,0.790575916,0.00013822,0.913294798,0.000143072,0.616161616,0.003445835,0.003375659,0.786307054,0.011124287,0.023912177,0.731707317,0.000149265,0.000693722,0.000248127, ,0.000266836,8.92503E-05, ,0.00835244,0.006054367, , ,0.003437858,0.106508876,0.738880918,0.005494505,0.888888889,0.880681818,0.052631579,0.870967742,0.350299401
118,Lithuania,0.457286432,0.001939791,0.64921466,0.000357069,0.277456647,0.009943487,0.712121212,0.001823163,0.001856674,0,0.006510175,0.022739691,0.458536585,0.000920557,0.000809342,0.000658491,0.002702703,0.002342015,0.000315351,0.000930124,0.099737963,0.031791553,0.017701519,0.514324636,0.001825241,0.544378698,0.281205165,0.472527473,0.284722222,0.0625,0.541353383,0.497695853,0.691616766
122,Madagascar,0.693467337,0.000383042,0.738219895,0.000184294,0.670520231,0.000929966,0.252525253,0.01917189,0.018742995,0.836099585,0.058765951,0.024821566,0.609756098,0.000414501,0.006821598,4.77168E-05,0,0.000299471,0.000498952,0.000406929,0.003766787,0.000171581,0.000599044,0.00171802,0.01912332,0.00591716,0.977044476,0.708791209,0.194444444,0.994318182,0.007518797,0.788018433,0.434131737
123,Malawi,0.703517588,0.000362559,0.743455497,0.000184294,0.919075145,0.000143072,0.313131313,0.013223505,0.01292543,0.838174274,0.011836901,0.087773188,0.741463415,0.00014538, ,2.86301E-05, ,6.33496E-05,0.000192951,0,0.001637733,0.000171581,0.000192328,0.000809857,0.013189764,0.118343195,0.69010043,0.17032967,0.479166667,0.767045455,0.090225564,0.898617512,0.30239521
124,Malaysia,0.135678392,0.025598273,0.089005236,0.022552927,0.10982659,0.049288218,0.217171717,0.022420151,0.022216887,0.549792531,0.033102038,0.053468435,0.292682927,0.004300928,0.003352989,0.001087942, ,0.012134324,0.001119454,0.000465062,0.038650508,0.004828786,0.032305918,0.07909914,0.022393921,0.976331361,0.017216643,0.835164835,0.111111111,0.625,0.135338346,0.474654378,0.69760479
125,Maldives,0.834170854,5.53055E-05,0.858638743,5.75917E-05,0.826589595,0.000286144,0.868686869,0.000307247,0.000302168,0.65560166,0,1,0.463414634,0.000900027,0.004740432,3.81734E-05, ,0.00042425,0.001188305,0.000465062,0.494923027,0.010956688,0.000689294,0.102126225,0.000306663,0.75739645,0.177905308,0.038461538,0.631944444,0.267045455,0.315789474,0.414746544,0.715568862
126,Mali,0.733668342,0.000260141,0.759162304,0.000172775,0.87283237,0.000214608,0.297979798,0.014002314,0.013643359,0.906639004,0.124183298,0.00780006,0.512195122,0.000687505,0.002659267,0.000715751,0.005405405,0.001318823,0.000406302, ,0.009498854,0.004828786,0.000198893,0.000786451,0.013961812,0.26035503,0.480631277,0.620879121,0.236111111,1,0,0.926267281,0.260479042
127,Malta,0.698492462,0.000362559,0.748691099,0.000172775,0.578034682,0.001502253,0.873737374,0.000238459,0.000238987,0.336099585,1.6025E-06,0.787156364,0.634146341,0.000336816,0.00011562,7.63468E-05, ,0.000990557,7.14003E-05,0,0.228627579,0.024438071,0.004016771,0.721488826,0.000238425,0.721893491,0.196556671,0.142857143,0.5,0.227272727,0.345864662,0.041474654,0.916167665
130,Mauritius,0.673366834,0.000526427,0.680628272,0.000310995,0.427745665,0.003862937,0.787878788,0.000815314,0.000817424,0.315352697,0.000174272,0.350905567,0.707317073,0.000179783, ,8.58902E-05, ,0.000600861,2.55001E-06, ,0.042417294,0.009731108,0.00674899,0.420531041,0.000815226,0.928994083,0.077474892,0.664835165,0.215277778,0.335227273,0.270676692,0.419354839,0.715568862
131,Mexico,0.070351759,0.047515655,0.02617801,0.089474533,0.12716763,0.041419272,0.045454545,0.089516488,0.088916119,0.5,0.196714965,0.035571482,0.068292683,0.046952311,0.372991097,0.089841103,1,0.114415101,0.013261752,0.021916056,0.10694399,0.089393828,0.014474169,0.008880338,0.089431884,0.171597633,0.62553802,0.593406593,0.243055556,0.698863636,0.105263158,0.391705069,0.724550898
135,Mongolia,0.577889447,0.001038515,0.518324607,0.001025133,0.786127168,0.000500751,0.681818182,0.002209482,0.00218139,0.622406639,0.156625806,0,0.770731707,9.3221E-05, , , ,6.71889E-05,0.00011475,0.000523195,0.00835244, ,0.000799652,0.019488058,0.002206109,0.355029586,0.387374462,0.851648352,0.104166667,0.068181818,0.518796992,0.718894009,0.541916168
138,Morocco,0.311557789,0.005524409,0.429319372,0.001474349,0.306358382,0.00779741,0.196969697,0.025577795,0.025370989,0.529045643,0.044694858,0.045035265,0.297560976,0.004288721,0.002890508,0.001927757,0,0.010304865,0.001836007,0,0.033737308,0.007279947,0.011612371,0.024927675,0.025550276,0.763313609,0.177905308,0.659340659,0.215277778,0.806818182,0.07518797,0.32718894,0.754491018
139,Mozambique,0.432160804,0.002247044,0.612565445,0.000449216,0.653179191,0.001001502,0.232323232,0.021648511,0.021112223,0.887966805,0.080254438,0.020262857,0.746341463,0.000129289,0.001040583,9.54335E-06, ,0.000155494,0.000129201, ,0.000655093,0,0.000599754,0.001521407,0.021587961,0.177514793,0.6241033,0.675824176,0.208333333,0.926136364,0.045112782,0.976958525,0.05988024
140,Namibia,0.608040201,0.000772229,0.513089005,0.001036651,0.780346821,0.000500751,0.717171717,0.001697134,0.001671768,0.665975104,0.082660699,0.000542714,0.926829268,6.65864E-06, , , ,9.59842E-06,7.65003E-06, ,0.000818867, ,0.000194694,0.006277561,0.001694164,0.396449704,0.37446198,0.203296703,0.451388889,0.465909091,0.195488722,0.852534562,0.368263473
142,Nepal,0.633165829,0.000710779,0.696335079,0.000287959,0.664739884,0.000929966,0.242424242,0.020176451,0.019886483,0.663900415,0.014711093,0.108789306,0.492682927,0.000771293,0.021736617,4.77168E-05, ,0.000403134,0.000999604, ,0.007206027,0.000171581,0.010270747,0.027951764,0.02014227,0.449704142,0.324246772,0.538461538,0.256944444,0.397727273,0.218045113,0.69124424,0.574850299
143,Netherlands,0.150753769,0.021911237,0.151832461,0.011034578,0.104046243,0.051434294,0.338383838,0.011837287,0.011857123,0.325726141,0.004161504,0.229933194,0.097560976,0.0256613,0.015030639,0.056782936,0.051351351,,,0.009824439,0.441532918,0.425202834,0.020642152,0.09538522,0.01183507,0.911242604,0.088952654,0.065934066,0.576388889,0.221590909,0.345864662,0.115207373,0.880239521
146,Nicaragua,0.628140704,0.000731262,0.581151832,0.000633509,0.832369942,0.000286144,0.550505051,0.004534527,0.004497333,0.531120332,0.013027662,0.027234138,0.604878049,0.000415055, ,0.000324474, ,0.000693006,0.000300901, ,0.01817884,0.006054367, , ,0.004529599,0.360946746,0.387374462,0.28021978,0.375,0.846590909,0.060150376,0.594470046,0.646706587
153,Pakistan,0.180904523,0.015766176,0.183246073,0.008961275,0.462427746,0.002789899,0.02020202,0.153411681,0.150986748,0.695020747,0.088299212,0.137744075,0.082926829,0.036870016,0.280726096,0.013303431,0.208108108,0.046306623,0.034791486,0.006394605,0.048640681,0.007279947,0.031458361,0.01127714,0.153129317,0.378698225,0.385939742,0.978021978,0.020833333,0.948863636,0.037593985,0.755760369,0.488023952
155,Panama,0.507537688,0.00153012,0.413612565,0.001819899,0.329479769,0.007082052,0.641414141,0.002929645,0.00289373,0.614107884,0.007523459,0.030684848,0.219512195,0.006947184, ,0.003101589, ,0.014457142,0.003965265,0.004534356,0.475597773,0.093070569,0.003730763,0.068650582,0.002925305,0.50295858,0.292682927,0.379120879,0.319444444,0.551136364,0.165413534,0.235023041,0.80239521
157,Paraguay,0.472361809,0.001816889,0.534031414,0.000956023,0.803468208,0.000357679,0.53030303,0.004887484,0.00484548,0.539419087,0.040708828,0.008630706,0.570731707,0.000502728, ,9.54335E-05, ,0.000775552,0.000419052,0,0.020471667,0.002377626,0.001668795,0.01859862,0.004881988,0.538461538,0.281205165,0.274725275,0.375,0.772727273,0.090225564,0.294930876,0.763473054
158,Peru,0.27638191,0.007572763,0.272251309,0.004123569,0.283236994,0.009943487,0.212121212,0.02284111,0.02260796,0.574688797,0.128692747,0.013142859,0.053658537,0.082275303, ,0.04035883, ,0.120521617,0.069074669,0.053772817,0.736816246,0.156800745,0.056982643,0.136968795,0.022811862,0.520710059,0.288378766,0.686813187,0.201388889,0.664772727,0.112781955,0.566820276,0.661676647
159,Philippines,0.195979899,0.013103317,0.193717277,0.00780944,0.156069364,0.022104585,0.060606061,0.076070592,0.075343471,0.560165975,0.034258847,0.177478119,0.185365854,0.009551268,0.068100358,0.00905664,0.018918919,0.00729288,0.010596141,0.003197303,0.025057321,0.010956688,0.020157429,0.014563379,0.075977973,0.579881657,0.272596844,0.791208791,0.138888889,0.835227273,0.067669173,0.728110599,0.523952096
160,Poland,0.115577889,0.02969498,0.162303665,0.01011311,0.294797688,0.008512769,0.186868687,0.02622818,0.026358652,0.257261411,0.031286801,0.067377961,0.165853659,0.013073136,0.047982426,0.010115952,0.024324324,0.021129965,0.009769938,0.009243111,0.101375696,0.034242714,0.053165178,0.111175088,0.026230631,0.680473373,0.215208034,0.494505495,0.270833333,0.090909091,0.481203008,0.290322581,0.77245509
161,Portugal,0.24120603,0.009416281,0.345549738,0.002971734,0.196531792,0.015666357,0.439393939,0.007016526,0.007064621,0.219917012,0.009193369,0.061649934,0.131707317,0.01786292,0.029598798,0.013312974,0.032432432,0.036813785,0.009877889,0.00377863,0.516377334,0.167830968,0.047059944,0.365259482,0.007018275,0.656804734,0.235294118,0.197802198,0.458333333,0.375,0.248120301,0.161290323,0.862275449
164,Romania,0.256281407,0.008801775,0.293193717,0.003662835,0.531791908,0.00207454,0.303030303,0.013298364,0.01343866,0.143153527,0.023846372,0.044783933,0.180487805,0.010610548,0.017343045,0.012005535,0.027027027,0.025026924,0.004103816,0.009243111,0.162135604,0.079589185,0.025176471,0.103544645,0.013305623,0.532544379,0.284074605,0.730769231,0.180555556,0.113636364,0.466165414,0.465437788,0.703592814
174,Sao Tome and Principe,0.974874372,6.14506E-06,1,0,0.930635838,7.15359E-05,0.939393939,8.39424E-05,8.18289E-05,0.676348548,6.65039E-05,0.125029663,0.663414634,0.000250809, ,0.000104977, ,0.000113261,0.000325551, ,0.345889289,0.067333382,3.25278E-06,0.003726278,8.37124E-05,0.035502959,0.912482066,0.137362637,0.513888889,0.414772727,0.210526316,0.806451613,0.407185629
177,Serbia,0.301507538,0.00593408,0.502617801,0.001094243,0.63583815,0.001073038,0.494949495,0.006002551,0.006050485,0.197095436,0.008819885,0.054992775,0.234146341,0.006309064,0.003006128,0.002299948, ,0.012664157,0.003853065,0.000523195,0.212577792,0.034242714,0.014351391,0.130012452,0.006004601,0.905325444,0.090387374,0.153846154,0.486111111,0.153409091,0.421052632,0.433179724,0.71257485
178,Seychelles,0.874371859,5.53055E-05,0.937172775,2.30367E-05,0.705202312,0.000715359,1,0,0,0.408713693,1.52238E-05,0.121154523,1,0, , , ,3.83937E-06,0, ,0.01768752, , , ,0,0.218934911,0.526542324,0.923076923,0.069444444,0.352272727,0.263157895,0.493087558,0.691616766
181,Slovakia,0.316582915,0.005114739,0.445026178,0.001474349,0.751445087,0.000500751,0.585858586,0.003725125,0.003738109,0.290456432,0.00488133,0.061784566,0.47804878,0.000837879,0,0.00025767, ,0.002585815,0.00011645, ,0.045037668,0.006054367,0.010105801,0.146602814,0.003725006,0.840236686,0.139167862,0.401098901,0.3125,0.147727273,0.428571429,0.322580645,0.75748503
182,Slovenia,0.412060302,0.002656714,0.460732984,0.001359165,0.843930636,0.000286144,0.747474747,0.001376151,0.001381694,0.282157676,0.002000427,0.056834576,0.487804878,0.000811245, ,0.001021139, ,0.002587734,6.80003E-06,5.81328E-05,0.115460203,0.063656641,0.00471813,0.179891208,0.001376171,0.822485207,0.162123386,0.21978022,0.423611111,0.238636364,0.338345865,0.138248848,0.871257485
186,South Korea,0.035175879,0.099748667,0.094240838,0.021746642,0.075144509,0.077902568,0.136363636,0.035554429,0.035661624,0.298755187,0.01000664,0.287998069,0.229268293,0.006342357,0.004393572,0.002557618, ,0.0199436,0.000657903,0.000813859,0.035866361,0.006054367,0.053391808,0.082427511,0.035551863,0.792899408,0.169296987,0.32967033,0.347222222,0.011363636,0.857142857,0.050691244,0.910179641
188,Spain,0.065326633,0.048130161,0.141361257,0.013107881,0.069364162,0.081479362,0.146464646,0.032417737,0.03253086,0.288381743,0.050648363,0.051083581,0.014634146,0.158494015, ,0.25881567, ,0.378079893,0.052330454,0.03580979,1,0.710763046,0.210333555,0.356088906,0.032416708,0.609467456,0.265423242,0.181318681,0.472222222,0.403409091,0.218045113,0.096774194,0.889221557
189,Sri Lanka,0.442211055,0.002042208,0.397905759,0.002050266,0.341040462,0.006438229,0.287878788,0.014809982,0.014805191,0.367219917,0.006541224,0.182684023,0.473170732,0.000862849,0.000809342,8.58902E-05, ,0.001481996,0.000658753,0,0.01130036,0.000539255,0.003671976,0.013584998,0.014804616,0.946745562,0.058823529,0.961538462,0.041666667,0.346590909,0.263157895,0.341013825,0.748502994
191,Suriname,0.72361809,0.000280624,0.664921466,0.00034555,0.74566474,0.000572287,0.858585859,0.000339269,0.000337335,0.466804979,0.016377598,0.000841054,0.980487805,5.54887E-07, ,0, ,0,1.70001E-06, ,0.002620373,0.002377626,3.91517E-05,0.006226067,0.000338981,0.023668639,0.967001435,0.467032967,0.284722222,0.386363636,0.22556391,0.65437788,0.619760479
193,Sweden,0.125628141,0.026417614,0.209424084,0.007694257,0.225433526,0.012804922,0.454545455,0.00694882,0.006932229,0.410788382,0.045069944,0.011441743,0.117073171,0.020587414,0.073534513,0.041933483,0.118918919,0.009525473,0.023585042,0.010987095,0.601539469,0.533053901,0.01411589,0.110730369,0.006945021,0.769230769,0.177905308,0.054945055,0.597222222,0.534090909,0.172932331,0.069124424,0.901197605
194,Switzerland,0.206030151,0.011874305,0.204188482,0.00780944,0.150289017,0.024250662,0.5,0.005945055,0.005924328,0.433609959,0.004104816,0.11655401,0.136585366,0.017109383,0.001849925,0.018304147, ,0.054501756,0.000447102,0.001511452,0.583360629,0.272005295,0.023337052,0.213619639,0.005941212,0.952662722,0.057388809,0.027472527,0.673611111,0.215909091,0.345864662,0.046082949,0.916167665
197,Tajikistan,0.396984925,0.002656714,0.727748691,0.000218849,0.797687861,0.000429215,0.47979798,0.006558596,0.006433263,0.761410788,0.014302355,0.035679979,0.351219512,0.002106351,0.013874436,0.000438994, ,0.003562934,0.001610756, ,0.064854242,0.006054367, , ,0.006544277,0.307692308,0.414634146,0.417582418,0.3125,0.210227273,0.353383459,0.751152074,0.488023952
199,Thailand,0.105527638,0.032357839,0.130890052,0.014144532,0.092485549,0.059303241,0.095959596,0.048429961,0.048495867,0.331950207,0.051362279,0.075591138,0.375609756,0.001701283,0,0.000534428, ,0.005666908,5.01502E-05,0.003371701,0.006550934,0.000906929,0.022197751,0.025166419,0.048419566,0.940828402,0.065997131,0.884615385,0.097222222,0.585227273,0.15037594,0.511520737,0.688622754
200,Togo,0.753768844,0.00019869,0.638743455,0.000368587,0.630057803,0.001073038,0.51010101,0.005683875,0.0055693,0.784232365,0.005657342,0.079348503,0.682926829,0.000231388, ,0.00011452, ,0.000370499,0.000181051, ,0.00786112,0.002377626,0.001126172,0.010841783,0.005670836,0.088757396,0.753228121,0.461538462,0.291666667,0.909090909,0.045112782,0.797235023,0.410179641
202,Trinidad and Tobago,0.477386935,0.001775922,0.455497382,0.001359165,0.416184971,0.004077545,0.767676768,0.000904056,0.000904824,0.346473029,0.000483756,0.152656101,0.824390244,5.82631E-05, ,6.68035E-05, ,0.000190049,0, ,0.012938094,0.007279947,0.000177543,0.010425151,0.000903822,0.615384615,0.24964132,0.56043956,0.25,0.409090909,0.218045113,0.612903226,0.637724551
203,Tunisia,0.407035176,0.002656714,0.45026178,0.001359165,0.404624277,0.004363688,0.388888889,0.008143458,0.008088926,0.5,0.016356565,0.03926798,0.531707317,0.000590955,0.000462481,0.000448537, ,0.001806423,6.63003E-05,5.81328E-05,0.01424828,0.004828786,0.003019232,0.020269827,0.00813577,0.73964497,0.18507891,0.434065934,0.298611111,0.573863636,0.157894737,0.437788018,0.71257485
204,Turkey,0.095477387,0.039936747,0.246073298,0.004699486,0.167630058,0.021389227,0.085858586,0.058531984,0.058124219,0.506224066,0.078448815,0.05906432,0.043902439,0.089952163, ,0.042830558, ,0.24179191,0.026917905,0.038425764,0.314444808,0.064882222,0.116168306,0.109120018,0.05847523,0.568047337,0.276901004,0.818681319,0.118055556,0.471590909,0.195488722,0.483870968,0.694610778
208,Uganda,0.623115578,0.000731262,0.560209424,0.000714138,0.624277457,0.001144574,0.156565657,0.03171335,0.030809994,0.968879668,0.024162766,0.10250759,0.712195122,0.000176454, , , ,0.00012094,0.000218451, ,0.00049132, ,0.005610753,0.009732326,0.031611385,0.597633136,0.269727403,0.340659341,0.340277778,0.965909091,0.030075188,0.97235023,0.125748503
209,Ukraine,0.110552764,0.030923992,0.188481675,0.008730908,0.410404624,0.004363688,0.161616162,0.03031868,0.030617514,0.157676349,0.060414428,0.040070285,0.170731707,0.012869492,0.045323159,0.006632629,0.043243243,0.017856903,0.011217494,0.015812115,0.086144776,0.01953575,0.02059064,0.037244052,0.030333562,0.982248521,0.017216643,0.554945055,0.256944444,0.022727273,0.654135338,0.66359447,0.607784431
210,United Arab Emirates,0.155778894,0.019862883,0.146596859,0.012877514,0.080924855,0.077187209,0.45959596,0.006803698,0.006746798,0.53526971,0.00834304,0.064946043,0.126829268,0.018399495, ,0.002471728, ,0.032803564,0.013441102,0,0.549132001,0.031791553,0.124810592,1,0.006796198,0.639053254,0.242467719,0.917582418,0.076388889,0.789772727,0.082706767,0.258064516,0.796407186
211,United Kingdom,0.050251256,0.065336329,0.068062827,0.036835679,0.01734104,0.173045282,0.101010101,0.047100102,0.047034313,0.390041494,0.024297978,0.156102115,0.019512195,0.151381474,0.185339346,0.366226082,0.578378378,#VALUE!,#VALUE!,0.090570864,0.657877498,0.693604922,0.239142496,0.278951212,0.047078546,0.775147929,0.177905308,0.131868132,0.520833333,0.454545455,0.203007519,0.165898618,0.862275449
212,United States,0.005025126,0.792296962,0,1,0,1,0.01010101,0.229918328,0.229455536,0.402489627,0.938698185,0.018694168,0,1,1,1,0.656756757,1,1,1,0.891418277,0.388435424,1,0.239240139,0.229800403,0.74556213,0.179340029,0,1,0.420454545,0.210526316,0.193548387,0.838323353
213,Uruguay,0.447236181,0.002001241,0.476439791,0.001243982,0.595375723,0.001359182,0.671717172,0.002345277,0.002346396,0.352697095,0.018101693,0.009650515,0.590243902,0.000446684, ,0.00020041, ,0.001288108,9.69004E-05,0.000290664,0.037831641,0.007279947,0.00251375,0.05743898,0.002344593,0.875739645,0.101865136,0.186813187,0.472222222,0.460227273,0.203007519,0.299539171,0.763473054
214,Uzbekistan,0.236180905,0.009621116,0.32460733,0.003202101,0.543352601,0.001931469,0.207070707,0.023186678,0.022936667,0.587136929,0.044779991,0.040534765,0.365853659,0.001948763,0.006243496,0.000124064, ,0.005325204,0.000617102,0.000348797,0.016541107,0.000416697,0.027197986,0.064404685,0.023155684,0.816568047,0.163558106,0.510989011,0.263888889,0.295454545,0.293233083,0.562211982,0.664670659
216,Venezuela,0.16080402,0.019453213,0.073298429,0.031191688,0.589595376,0.001359182,0.247474747,0.019689475,0.019821698,0.221991701,0.091757918,0.016435121,0.497560976,0.000754091, ,0.000124064, ,0.000562467,0.000895903,0.000116266,0.007206027,0.000539255,0.056881038,0.158296585,0.019694154,0.633136095,0.245337159,0.93956044,0.055555556,0.892045455,0.052631579,0.405529954,0.721556886
222,Yemen,0.552763819,0.0011819,0.282722513,0.003778018,0.734104046,0.000572287,0.237373737,0.020655289,0.02027235,0.753112033,0.052849404,0.030078551,0.726829268,0.000150929, ,0.000610774, ,3.83937E-06,0.000175951, ,0.00098264,0.002377626,0,0,0.020611416,0.112426036,0.737446198,0.571428571,0.25,0.897727273,0.045112782,0.792626728,0.422155689
223,Zambia,0.43718593,0.002247044,0.586387435,0.000598954,0.710982659,0.000643823,0.323232323,0.012705173,0.012389946,0.887966805,0.07534897,0.01225836,0.546341463,0.000580412, ,5.72601E-05, ,0.001478157,0.000230351,0,0.00884376,0.000416697,0.001428563,0.006179255,0.012669589,0.100591716,0.743185079,0.681318681,0.208333333,0.613636364,0.142857143,0.99078341,0.026946108
224,Zimbabwe,0.502512563,0.001550604,0.617801047,0.000449216,0.936416185,7.15359E-05,0.368686869,0.010258697,0.010147082,0.587136929,0.039106824,0.020035114,0.785365854,8.26782E-05,0.001156203,2.86301E-05, ,3.83937E-05,0.00010795, ,0.001146413,0.000294139,0.002749665,0.014680411,0.010244887,0,1,0.098901099,0.548611111,0.653409091,0.120300752,0.921658986,0.269461078
